,datetime,code,name,block,block2,block3,pct
0,2018-07-02 09:31:00,000596,古井贡酒,制造业,昨高换手,近期异动,0.04
1,2018-07-02 09:31:00,002119,康强电子,制造业,昨高换手,近期异动,0.03
2,2018-07-02 09:31:00,002356,赫美集团,制造业,昨高换手,近期异动,0.03
3,2018-07-02 09:31:00,002830,名雕股份,制造业,昨高换手,近期异动,0.04
4,2018-07-02 09:31:00,300742,越博动力,制造业,昨高换手,近期异动,0.05
5,2018-07-02 09:31:00,300743,天地数码,制造业,昨高换手,近期异动,0.04
6,2018-07-02 09:31:00,600806,退市昆机,制造业,昨高换手,近期异动,0.03
7,2018-07-02 09:32:00,000736,中交地产,中证央企,制造业,高股息股,0.03
8,2018-07-02 09:32:00,600389,江山股份,中证央企,制造业,高股息股,0.05
9,2018-07-02 09:33:00,002432,九安医疗,制造业,亏损股,江苏,0.04
10,2018-07-02 09:33:00,300261,雅本化学,制造业,亏损股,江苏,0.05
11,2018-07-02 09:33:00,300356,光一科技,制造业,亏损股,江苏,0.04
12,2018-07-02 09:34:00,002584,西陇科学,上周强势,制造业,风险提示,0.04
13,2018-07-02 09:34:00,300056,三维丝,上周强势,制造业,风险提示,0.06
14,2018-07-02 09:35:00,002357,富临运业,高质押股,股权转让,承诺注资,0.03
15,2018-07-02 09:37:00,002356,赫美集团,高送转,微利股,互联网+,0.03
16,2018-07-02 09:38:00,000595,宝塔实业,制造业,风电,铁路基建,0.04
17,2018-07-02 09:38:00,603606,东方电缆,制造业,风电,铁路基建,0.05
18,2018-07-02 09:39:00,002148,北纬科技,物联网,陆股通卖,小米概念,0.03
19,2018-07-02 09:39:00,300448,浩云科技,物联网,陆股通卖,小米概念,0.03
20,2018-07-02 09:40:00,600448,华纺股份,黄河三角,高市盈率,迪士尼,0.04
21,2018-07-02 09:42:00,600227,圣济堂,创投,股权转让,重组股,0.04
22,2018-07-02 09:42:00,600250,南纺股份,创投,股权转让,重组股,0.05
23,2018-07-02 09:43:00,600227,圣济堂,重组股,近期新低,贵州,0.03
24,2018-07-02 09:44:00,002125,湘潭电化,长株潭,锂电池,送转超跌,0.03
25,2018-07-02 09:45:00,600367,红星发展,锂电池,贵州,股权激励,0.03
26,2018-07-02 09:46:00,002906,华阳集团,高市盈率,次新股,业绩预降,0.05
27,2018-07-02 09:50:00,300746,汉嘉设计,高市净率,近期异动,浙江,0.05
28,2018-07-02 09:54:00,002782,可立克,高市净率,近期异动,电子制造,0.03
29,2018-07-02 10:00:00,600555,海航创新,赛马概念,综合类,社会服务业,0.04
30,2018-07-02 10:07:00,002181,粤 传 媒,风险提示,融资融券标的,融资融券,0.03
31,2018-07-02 10:08:00,002300,太阳电缆,超导概念,福建,电气设备,0.04
32,2018-07-02 10:12:00,603045,福达合金,高市盈率,高市净率,电气设备,0.04
33,2018-07-02 10:20:00,002278,神开股份,页岩气,被举牌,昨日振荡,0.03
34,2018-07-02 10:21:00,600734,实达集团,高质押股,文化传媒,久不分红,0.03
35,2018-07-02 10:23:00,002388,新亚制程,高质押股,蓝宝石,电子信息,0.04
36,2018-07-02 10:25:00,600734,实达集团,高质押股,文化传媒,久不分红,0.03
37,2018-07-02 10:43:00,002193,如意集团,纺织制造,山东,员工持股,0.04
38,2018-07-02 10:48:00,002451,摩恩电气,风能,风电,重组预案,0.06
39,2018-07-02 11:21:00,002547,春兴精工,高市盈率,电子制造,5G概念,0.04
40,2018-07-02 13:03:00,600405,动力源,锂电池,节能,能源互联,0.03
41,2018-07-02 13:05:00,300582,英飞特,送转超跌,节能照明,股权激励,0.04
42,2018-07-02 13:06:00,300582,英飞特,送转超跌,节能照明,股权激励,0.05
43,2018-07-02 13:07:00,300062,中能电气,雄安新区,铁路基建,重组预案,0.05
44,2018-07-02 13:08:00,600268,国电南自,高端装备,铁路基建,节能,0.04
45,2018-07-02 13:19:00,000820,神雾节能,高质押股,辽宁,节能环保,0.03
46,2018-07-02 13:20:00,300156,神雾环保,雄安新区,户数增加,中创100,0.03
47,2018-07-02 13:32:00,002606,大连电瓷,送转超跌,近期异动,辽宁,0.03
48,2018-07-02 13:34:00,002357,富临运业,高质押股,小盘股,交通运输、仓储业,0.07
49,2018-07-02 13:34:00,002676,顺威股份,高质押股,小盘股,交通运输、仓储业,0.03
50,2018-07-02 13:48:00,002909,集泰股份,深次新股,活跃股,次新股,0.03
51,2018-07-02 13:50:00,002725,跃岭股份,芯片概念,浙江,活跃股,0.05
52,2018-07-02 13:52:00,603398,邦宝益智,重组预案,近期异动,活跃股,0.03
53,2018-07-02 14:12:00,300647,超频三,高市净率,锂电池,重组预案,0.05
54,2018-07-02 14:13:00,000971,高升控股,重组股,通信设备,湖北,0.04
55,2018-07-02 14:30:00,603477,振静股份,纺织制造,活跃股,次新股,0.06
56,2018-07-02 14:32:00,600689,上海三毛,纺织制造,浦东,微利股,0.03
57,2018-07-02 14:37:00,600156,华升股份,长株潭,连续亏损,纺织制造,0.06
58,2018-07-02 14:44:00,002289,宇顺电子,高管增持,锂电池,连续亏损,0.12
59,2018-07-02 14:48:00,002289,宇顺电子,高管增持,锂电池,连续亏损,0.04
60,2018-07-02 14:50:00,603918,金桥信息,高市盈率,计算机应用,被举牌,0.04
61,2018-07-02 14:53:00,002348,高乐股份,迪士尼,婴童概念,二胎概念,0.05
62,2018-07-02 14:55:00,600538,国发股份,高市盈率,生物质能,扣非亏损,0.05
63,2018-07-02 14:57:00,600892,大晟文化,高质押股,重组股,送转超跌,0.03
64,2018-07-02 14:59:00,600538,国发股份,高市盈率,生物质能,扣非亏损,0.04
65,2018-07-03 09:31:00,000510,金路集团,制造业,已高送转,上周弱势,0.05
66,2018-07-03 09:31:00,000736,中交地产,制造业,已高送转,上周弱势,0.03
67,2018-07-03 09:31:00,002769,普路通,制造业,已高送转,上周弱势,0.03
68,2018-07-03 09:31:00,002843,泰嘉股份,制造业,已高送转,上周弱势,0.04
69,2018-07-03 09:31:00,002884,凌霄泵业,制造业,已高送转,上周弱势,0.04
70,2018-07-03 09:31:00,300001,特锐德,制造业,已高送转,上周弱势,0.03
71,2018-07-03 09:31:00,300261,雅本化学,制造业,已高送转,上周弱势,0.04
72,2018-07-03 09:31:00,600439,瑞贝卡,制造业,已高送转,上周弱势,0.08
73,2018-07-03 09:31:00,600682,南京新百,制造业,已高送转,上周弱势,0.06
74,2018-07-03 09:31:00,603301,振德医疗,制造业,已高送转,上周弱势,0.04
75,2018-07-03 09:31:00,603693,江苏新能,制造业,已高送转,上周弱势,0.2
76,2018-07-03 09:31:00,603959,百利科技,制造业,已高送转,上周弱势,0.03
77,2018-07-03 09:31:00,603996,中新科技,制造业,已高送转,上周弱势,0.06
78,2018-07-03 09:32:00,002356,赫美集团,预高送转,浙江,深圳,0.04
79,2018-07-03 09:32:00,002488,金固股份,预高送转,浙江,深圳,0.03
80,2018-07-03 09:32:00,300484,蓝海华腾,预高送转,浙江,深圳,0.04
81,2018-07-03 09:32:00,300746,汉嘉设计,预高送转,浙江,深圳,0.04
82,2018-07-03 09:33:00,300290,荣科科技,高质押股,重组预案,近期异动,0.09
83,2018-07-03 09:34:00,300640,德艺文创,福建,户数增加,已高送转,0.07
84,2018-07-03 09:36:00,000678,襄阳轴承,制造业,高管增持,员工持股,0.05
85,2018-07-03 09:36:00,002289,宇顺电子,制造业,高管增持,员工持股,0.05
86,2018-07-03 09:36:00,300466,赛摩电气,制造业,高管增持,员工持股,0.04
87,2018-07-03 09:36:00,603398,邦宝益智,制造业,高管增持,员工持股,0.04
88,2018-07-03 09:37:00,000633,合金投资,小盘股,股权转让,高市净率,0.06
89,2018-07-03 09:37:00,300225,金力泰,小盘股,股权转让,高市净率,0.03
90,2018-07-03 09:37:00,300650,太龙照明,小盘股,股权转让,高市净率,0.03
91,2018-07-03 09:37:00,603890,春秋电子,小盘股,股权转让,高市净率,0.06
92,2018-07-03 09:40:00,300743,天地数码,高市净率,近期异动,计算机设备,0.03
93,2018-07-03 09:41:00,600439,瑞贝卡,陆股通买,跨境电商,河南,0.04
94,2018-07-03 09:42:00,600439,瑞贝卡,陆股通买,跨境电商,河南,0.04
95,2018-07-03 09:43:00,000979,中弘股份,赛马概念,手机游戏,亏损股,0.03
96,2018-07-03 09:43:00,300721,怡达股份,赛马概念,手机游戏,亏损股,0.04
97,2018-07-03 09:47:00,300703,创源文化,高市盈率,深次新股,浙江,0.04
98,2018-07-03 09:51:00,300540,深冷股份,近期异动,股权激励,昨高换手,0.07
99,2018-07-03 09:57:00,300570,太辰光,通信设备,深圳,个人持股,0.04
100,2018-07-03 10:03:00,000626,远大控股,金融改革,重组股,送转超跌,0.05
101,2018-07-03 10:04:00,300172,中电环保,迪士尼,股权激励,活跃股,0.04
102,2018-07-03 10:04:00,600448,华纺股份,迪士尼,股权激励,活跃股,0.03
103,2018-07-03 10:04:00,603499,翔港科技,迪士尼,股权激励,活跃股,0.03
104,2018-07-03 10:13:00,603800,道森股份,页岩气,近期异动,活跃股,0.03
105,2018-07-03 10:19:00,002759,天际股份,高质押股,锂电池,重组预案,0.04
106,2018-07-03 10:39:00,300589,江龙船艇,高市净率,活跃股,昨高换手,0.03
107,2018-07-03 10:51:00,300623,捷捷微电,芯片概念,芯片,股权激励,0.04
108,2018-07-03 11:02:00,300647,超频三,高市净率,锂电池,重组预案,0.03
109,2018-07-03 11:03:00,002899,英派斯,高股息股,高管减持,业绩预降,0.04
110,2018-07-03 11:03:00,300382,斯莱克,高股息股,高管减持,业绩预降,0.03
111,2018-07-03 11:04:00,002899,英派斯,深次新股,活跃股,次新超跌,0.04
112,2018-07-03 11:17:00,002199,东晶电子,被举牌,蓝宝石,节能照明,0.03
113,2018-07-03 11:19:00,600847,万里股份,锂电池,重庆,股权转让,0.03
114,2018-07-03 11:23:00,603976,正川股份,高贝塔值,重庆,次新超跌,0.04
115,2018-07-03 11:29:00,300484,蓝海华腾,送转超跌,锂电池,股权转让,0.03
116,2018-07-03 11:29:00,300515,三德科技,送转超跌,锂电池,股权转让,0.06
117,2018-07-03 13:01:00,300393,中来股份,股份回购,电气设备,江苏,0.08
118,2018-07-03 13:03:00,300393,中来股份,股份回购,电气设备,江苏,0.04
119,2018-07-03 13:04:00,300393,中来股份,股份回购,电气设备,江苏,0.04
120,2018-07-03 13:08:00,002532,新界泵业,通用设备,送转超跌,节能环保,0.03
121,2018-07-03 13:20:00,002724,海洋王,送转超跌,节能照明,石墨烯,0.03
122,2018-07-03 13:23:00,002326,永太科技,高市盈率,锂电池,OLED概念,0.05
123,2018-07-03 13:23:00,300392,腾信股份,高市盈率,锂电池,OLED概念,0.05
124,2018-07-03 13:29:00,002871,伟隆股份,通用设备,送转超跌,活跃股,0.03
125,2018-07-03 13:31:00,600520,文一科技,集成电路,被举牌,芯片,0.04
126,2018-07-03 13:48:00,300578,会畅通讯,高质押股,高市净率,长三角,0.04
127,2018-07-03 14:01:00,300519,新光药业,高贝塔值,浙江,中药,0.03
128,2018-07-03 14:03:00,600476,湘邮科技,高市净率,湖南,中证央企,0.03
129,2018-07-03 14:09:00,603189,网达软件,计算机应用,移动互联网,浦东,0.04
130,2018-07-03 14:11:00,002052,同洲电子,视听器材,股权转让,电子信息,0.07
131,2018-07-03 14:12:00,300656,民德电子,重组预案,芯片概念,电子支付,0.03
132,2018-07-03 14:15:00,300687,赛意信息,计算机应用,股权激励,深次新股,0.03
133,2018-07-03 14:17:00,002134,天津普林,摘帽概念,摘帽,小盘股,0.03
134,2018-07-03 14:27:00,000819,岳阳兴长,制造业,高质押股,预计扭亏,0.03
135,2018-07-03 14:27:00,603988,中电电机,制造业,高质押股,预计扭亏,0.05
136,2018-07-03 14:36:00,300647,超频三,高市净率,昨高换手,近期异动,0.03
137,2018-07-03 14:36:00,300745,欣锐科技,高市净率,昨高换手,近期异动,0.04
138,2018-07-03 14:37:00,300615,欣天科技,高市盈率,通信设备,近期异动,0.03
139,2018-07-03 14:42:00,300638,广和通,高市净率,阿里概念,阿里巴巴概念,0.03
140,2018-07-03 14:51:00,002438,江苏神通,通用设备,节能环保,股权转让,0.03
141,2018-07-03 14:56:00,002699,美盛文化,高质押股,小盘成长,上周弱势,0.05
142,2018-07-04 09:31:00,000587,金洲慈航,上周弱势,深股通,融资融券标的,0.06
143,2018-07-04 09:31:00,000829,天音控股,上周弱势,深股通,融资融券标的,0.03
144,2018-07-04 09:31:00,002609,捷顺科技,上周弱势,深股通,融资融券标的,0.06
145,2018-07-04 09:31:00,002855,捷荣技术,上周弱势,深股通,融资融券标的,0.05
146,2018-07-04 09:31:00,600133,东湖高新,上周弱势,深股通,融资融券标的,0.04
147,2018-07-04 09:31:00,600568,中珠医疗,上周弱势,深股通,融资融券标的,0.04
148,2018-07-04 09:32:00,000510,金路集团,锂电池,昨日连板,上证380,0.03
149,2018-07-04 09:32:00,300444,双杰电气,锂电池,昨日连板,上证380,0.05
150,2018-07-04 09:32:00,603877,太平鸟,锂电池,昨日连板,上证380,0.04
151,2018-07-04 09:33:00,600476,湘邮科技,高市净率,湖南,中证央企,0.04
152,2018-07-04 09:34:00,002674,兴业科技,高股息股,近期新低,纺织制造,0.07
153,2018-07-04 09:37:00,603177,德创环保,脱硫脱硝,空气治理,环保工程,0.04
154,2018-07-04 09:38:00,600806,退市昆机,高端装备,工业4.0,制造业,0.04
155,2018-07-04 09:39:00,002346,柘中股份,锂电池,电气设备,整体上市,0.05
156,2018-07-04 09:40:00,300732,设研院,新股与次新股,次新股,高市净率,0.08
157,2018-07-04 09:40:00,300745,欣锐科技,新股与次新股,次新股,高市净率,0.03
158,2018-07-04 09:42:00,002928,华夏航空,贵州,白马股,深次新股,0.04
159,2018-07-04 09:45:00,002256,兆新股份,高质押股,无人驾驶,充电桩,0.04
160,2018-07-04 09:47:00,002256,兆新股份,高质押股,无人驾驶,充电桩,0.03
161,2018-07-04 09:48:00,603970,中农立华,近期异动,活跃股,次新股,0.05
162,2018-07-04 09:49:00,000795,英洛华,制造业,山东,黄河三角,0.03
163,2018-07-04 09:49:00,002374,丽鹏股份,制造业,山东,黄河三角,0.04
164,2018-07-04 09:49:00,603223,恒通股份,制造业,山东,黄河三角,0.03
165,2018-07-04 09:50:00,000713,丰乐种业,制造业,安徽,微利股,0.03
166,2018-07-04 09:50:00,000795,英洛华,制造业,安徽,微利股,0.07
167,2018-07-04 09:50:00,002374,丽鹏股份,制造业,安徽,微利股,0.04
168,2018-07-04 09:51:00,603363,傲农生物,高市净率,股权激励,福建,0.03
169,2018-07-04 09:54:00,000752,西藏发展,饮料制造,西藏,被举牌,0.03
170,2018-07-04 09:56:00,002297,博云新材,高校背景,高校,长株潭,0.04
171,2018-07-04 09:57:00,002858,力盛赛车,预计扭亏,高质押股,北京,0.03
172,2018-07-04 09:57:00,300312,邦讯技术,预计扭亏,高质押股,北京,0.03
173,2018-07-04 10:00:00,600476,湘邮科技,高市净率,湖南,中证央企,0.03
174,2018-07-04 10:06:00,603045,福达合金,高市盈率,高市净率,电气设备,0.05
175,2018-07-04 10:10:00,002231,奥维通信,高质押股,预计扭亏,通信设备,0.07
176,2018-07-04 10:12:00,002467,二六三,通信服务,融资融券标的,融资融券,0.07
177,2018-07-04 10:13:00,300025,华星创业,通信设备,电子信息,浙江,0.04
178,2018-07-04 10:19:00,600319,亚星化学,黄河三角,高市净率,近期新低,0.04
179,2018-07-04 10:22:00,000777,中核科技,融资融券,核电,核电核能,0.08
180,2018-07-04 10:22:00,002130,沃尔核材,融资融券,核电,核电核能,0.03
181,2018-07-04 10:23:00,002438,江苏神通,核电核能,核电,黑龙江,0.07
182,2018-07-04 10:23:00,300489,中飞股份,核电核能,核电,黑龙江,0.04
183,2018-07-04 10:26:00,300265,通光线缆,高质押股,证金持股,电气设备,0.03
184,2018-07-04 10:40:00,002606,大连电瓷,送转超跌,近期异动,辽宁,0.04
185,2018-07-04 10:44:00,002114,罗平锌电,制造业,高铁,央企国资改革,0.04
186,2018-07-04 10:44:00,600495,晋西车轴,制造业,高铁,央企国资改革,0.04
187,2018-07-04 10:51:00,002606,大连电瓷,送转超跌,近期异动,辽宁,0.04
188,2018-07-04 11:10:00,000971,高升控股,重组股,通信设备,湖北,0.04
189,2018-07-04 11:15:00,002356,赫美集团,高送转,微利股,互联网+,0.03
190,2018-07-04 13:05:00,002356,赫美集团,高送转,微利股,互联网+,0.03
191,2018-07-04 13:06:00,300392,腾信股份,高市盈率,连续亏损,股权转让,0.04
192,2018-07-04 13:12:00,002891,中宠股份,电子商务,深次新股,次新股,0.03
193,2018-07-04 13:13:00,000558,莱茵体育,高质押股,杭州亚运会,体育产业,0.03
194,2018-07-04 13:22:00,300135,宝利国际,制造业,微利股,高市盈率,0.03
195,2018-07-04 13:22:00,300147,香雪制药,制造业,微利股,高市盈率,0.04
196,2018-07-04 13:25:00,600679,上海凤凰,高市盈率,非汽车交运,金融改革,0.03
197,2018-07-04 13:26:00,600679,上海凤凰,制造业,上海国资改革,上海自贸,0.06
198,2018-07-04 13:26:00,600689,上海三毛,制造业,上海国资改革,上海自贸,0.05
199,2018-07-04 13:27:00,600689,上海三毛,纺织制造,浦东,微利股,0.05
200,2018-07-04 13:35:00,002198,嘉应制药,重组预案,广东其它,制造业,0.04
201,2018-07-04 13:36:00,002125,湘潭电化,长株潭,锂电池,送转超跌,0.03
202,2018-07-04 13:50:00,000019,深深宝Ａ,饮料制造,重组股,深圳国资改革,0.03
203,2018-07-04 13:51:00,000011,深物业A,深圳国资改革,深圳,粤港澳概念,0.03
204,2018-07-04 13:51:00,000014,沙河股份,深圳国资改革,深圳,粤港澳概念,0.03
205,2018-07-04 13:51:00,000019,深深宝Ａ,深圳国资改革,深圳,粤港澳概念,0.04
206,2018-07-04 13:51:00,000023,深天地Ａ,深圳国资改革,深圳,粤港澳概念,0.03
207,2018-07-04 13:51:00,000045,深纺织Ａ,深圳国资改革,深圳,粤港澳概念,0.03
208,2018-07-04 13:53:00,000025,特 力Ａ,高市净率,综合类,深股通,0.03
209,2018-07-04 14:10:00,002125,湘潭电化,长株潭,锂电池,送转超跌,0.04
210,2018-07-04 14:13:00,601330,绿色动力,高市净率,近期异动,节能环保,0.06
211,2018-07-04 14:22:00,603819,神力股份,高质押股,高贝塔值,风电,0.03
212,2018-07-04 14:48:00,002356,赫美集团,高送转,高质押股,两年新股,0.04
213,2018-07-04 14:48:00,002824,和胜股份,高送转,高质押股,两年新股,0.13
214,2018-07-04 14:53:00,002058,威 尔 泰,高市净率,被举牌,股权转让,0.03
215,2018-07-04 14:55:00,300509,新美星,江苏,已高送转,工业4.0,0.03
216,2018-07-04 14:57:00,002653,海思科,金融改革,西藏,融资融券标的,0.06
217,2018-07-05 09:31:00,002231,奥维通信,上周强势,两年新股,高质押股,0.03
218,2018-07-05 09:31:00,002765,蓝黛传动,上周强势,两年新股,高质押股,0.03
219,2018-07-05 09:31:00,002855,捷荣技术,上周强势,两年新股,高质押股,0.05
220,2018-07-05 09:31:00,300393,中来股份,上周强势,两年新股,高质押股,0.04
221,2018-07-05 09:31:00,300635,达安股份,上周强势,两年新股,高质押股,0.08
222,2018-07-05 09:31:00,600132,重庆啤酒,上周强势,两年新股,高质押股,0.04
223,2018-07-05 09:31:00,600225,天津松江,上周强势,两年新股,高质押股,0.03
224,2018-07-05 09:31:00,601619,嘉泽新能,上周强势,两年新股,高质押股,0.04
225,2018-07-05 09:31:00,603200,上海洗霸,上周强势,两年新股,高质押股,0.03
226,2018-07-05 09:31:00,603895,天永智能,上周强势,两年新股,高质押股,0.04
227,2018-07-05 09:31:00,603958,哈森股份,上周强势,两年新股,高质押股,0.04
228,2018-07-05 09:32:00,000953,ST河化,高质押股,股权转让,军工,0.04
229,2018-07-05 09:32:00,300042,朗科科技,高质押股,股权转让,军工,0.04
230,2018-07-05 09:32:00,300278,华昌达,高质押股,股权转让,军工,0.03
231,2018-07-05 09:32:00,300426,唐德影视,高质押股,股权转让,军工,0.05
232,2018-07-05 09:32:00,300547,川环科技,高质押股,股权转让,军工,0.05
233,2018-07-05 09:33:00,002808,苏州恒久,高质押股,送转超跌,送转潜力,0.04
234,2018-07-05 09:33:00,300042,朗科科技,高质押股,送转超跌,送转潜力,0.05
235,2018-07-05 09:34:00,002541,鸿路钢构,制造业,江苏,高质押股,0.03
236,2018-07-05 09:34:00,300265,通光线缆,制造业,江苏,高质押股,0.03
237,2018-07-05 09:34:00,601990,南京证券,制造业,江苏,高质押股,0.03
238,2018-07-05 09:35:00,002115,三维通信,高质押股,移动互联网,信息技术业,0.03
239,2018-07-05 09:35:00,002231,奥维通信,高质押股,移动互联网,信息技术业,0.05
240,2018-07-05 09:35:00,300278,华昌达,高质押股,移动互联网,信息技术业,0.04
241,2018-07-05 09:35:00,300598,诚迈科技,高质押股,移动互联网,信息技术业,0.05
242,2018-07-05 09:36:00,600686,金龙汽车,高市盈率,融资融券标的,融资融券,0.03
243,2018-07-05 09:37:00,002917,金奥博,深次新股,深圳,活跃股,0.03
244,2018-07-05 09:38:00,002374,丽鹏股份,制造业,黄河三角,智能电网,0.03
245,2018-07-05 09:38:00,300062,中能电气,制造业,黄河三角,智能电网,0.04
246,2018-07-05 09:39:00,002849,威星智能,已高送转,两年新股,上周强势,0.05
247,2018-07-05 09:39:00,002866,传艺科技,已高送转,两年新股,上周强势,0.05
248,2018-07-05 09:40:00,002860,星帅尔,白色家电,浙江,新能源汽车,0.05
249,2018-07-05 09:41:00,300282,三盛教育,计算机应用,股权转让,职业教育,0.03
250,2018-07-05 09:42:00,002499,科林环保,重组预案,节能环保,节能,0.04
251,2018-07-05 09:46:00,002108,沧州明珠,雄安新区,锂电池,送转超跌,0.04
252,2018-07-05 09:47:00,300610,晨化股份,页岩气,送转超跌,股权激励,0.05
253,2018-07-05 09:48:00,000973,佛塑科技,证金持股,制造业,锂电池,0.03
254,2018-07-05 09:48:00,002606,大连电瓷,证金持股,制造业,锂电池,0.05
255,2018-07-05 09:49:00,300689,澄天伟业,金融IC,通信设备,近期异动,0.04
256,2018-07-05 09:51:00,002571,德力股份,近期新低,股权转让,网络游戏,0.04
257,2018-07-05 09:52:00,002356,赫美集团,昨高换手,个人持股,次新股,0.03
258,2018-07-05 09:52:00,300680,隆盛科技,昨高换手,个人持股,次新股,0.03
259,2018-07-05 09:52:00,300710,万隆光电,昨高换手,个人持股,次新股,0.03
260,2018-07-05 09:54:00,002725,跃岭股份,芯片概念,浙江,活跃股,0.03
261,2018-07-05 09:58:00,600735,新华锦,黄河三角,高质押股,贸易,0.04
262,2018-07-05 10:02:00,300686,智动力,高市盈率,近期新高,个人持股,0.06
263,2018-07-05 10:04:00,002504,弘高创意,制造业,送转超跌,摘帽,0.05
264,2018-07-05 10:04:00,300333,兆日科技,制造业,送转超跌,摘帽,0.03
265,2018-07-05 10:06:00,002873,新天药业,贵州,昨日涨停,已高送转,0.04
266,2018-07-05 10:07:00,300282,三盛教育,计算机应用,股权转让,职业教育,0.03
267,2018-07-05 10:11:00,002052,同洲电子,视听器材,股权转让,电子信息,0.05
268,2018-07-05 10:18:00,300416,苏试试验,高市盈率,证金持股,江苏,0.03
269,2018-07-05 10:23:00,002356,赫美集团,高送转,微利股,互联网+,0.04
270,2018-07-05 10:29:00,600734,实达集团,高质押股,文化传媒,久不分红,0.04
271,2018-07-05 10:34:00,300707,威唐工业,高贝塔值,近期异动,白马股,0.04
272,2018-07-05 10:36:00,300707,威唐工业,高贝塔值,近期异动,白马股,0.03
273,2018-07-05 10:46:00,300738,奥飞数据,计算机应用,网络安全,深次新股,0.03
274,2018-07-05 10:50:00,300312,邦讯技术,高质押股,高市盈率,5G概念,0.04
275,2018-07-05 10:54:00,300312,邦讯技术,高质押股,高市盈率,5G概念,0.04
276,2018-07-05 11:01:00,600695,绿庭投资,被举牌,猪肉,微利股,0.03
277,2018-07-05 11:07:00,300074,华平股份,计算机应用,股权转让,智能家居,0.03
278,2018-07-05 11:08:00,002388,新亚制程,高质押股,蓝宝石,电子信息,0.04
279,2018-07-05 11:17:00,603970,中农立华,近期异动,活跃股,次新股,0.05
280,2018-07-05 11:26:00,300530,达志科技,锂电池,股权激励,稀缺资源,0.03
281,2018-07-05 11:26:00,600432,退市吉恩,锂电池,股权激励,稀缺资源,0.03
282,2018-07-05 13:01:00,002766,索菱股份,陆股通买,重组股,送转超跌,0.05
283,2018-07-05 13:16:00,300746,汉嘉设计,高市净率,近期异动,浙江,0.05
284,2018-07-05 13:17:00,600626,XD申达股,融资融券标的,融资融券,纺织制造,0.03
285,2018-07-05 13:18:00,002451,摩恩电气,风能,风电,重组预案,0.04
286,2018-07-05 13:25:00,002922,伊戈尔,高市盈率,节能照明,业绩预降,0.04
287,2018-07-05 13:26:00,600975,新五丰,长株潭,猪肉,湖南,0.05
288,2018-07-05 13:27:00,002567,唐人神,雄安新区,长株潭,重组股,0.04
289,2018-07-05 13:32:00,002766,索菱股份,陆股通买,重组股,送转超跌,0.03
290,2018-07-05 13:37:00,002756,永兴特钢,高股息股,锂电池,钢铁,0.04
291,2018-07-05 13:38:00,603388,元成股份,送转超跌,装饰园林,美丽中国,0.07
292,2018-07-05 13:39:00,603388,元成股份,送转超跌,装饰园林,美丽中国,0.05
293,2018-07-05 13:53:00,600095,哈高科,黑龙江,雄安新区,金融改革,0.03
294,2018-07-05 14:13:00,002774,快意电梯,高质押股,近期异动,股权激励,0.04
295,2018-07-05 14:14:00,603321,梅轮电梯,浙江,次新超跌,次新股,0.03
296,2018-07-05 14:34:00,300282,三盛教育,计算机应用,股权转让,职业教育,0.05
297,2018-07-05 14:43:00,300356,光一科技,预计扭亏,重组预案,送转超跌,0.06
298,2018-07-05 14:47:00,600638,新黄浦,被举牌,期货概念,房地产开发,0.03
299,2018-07-05 14:50:00,300551,古鳌科技,已高送转,小盘股,两年新股,0.04
300,2018-07-05 14:55:00,002220,天宝食品,辽宁,股权转让,振兴东北,0.03
301,2018-07-05 14:57:00,002742,三圣股份,跨境电商,户数增加,高质押股,0.04
302,2018-07-05 14:57:00,300013,新宁物流,跨境电商,户数增加,高质押股,0.03
303,2018-07-05 14:57:00,600053,九鼎投资,跨境电商,户数增加,高质押股,0.03
304,2018-07-05 15:00:00,603618,杭电股份,石墨烯,电气设备,浙江,0.05
305,2018-07-06 09:31:00,000995,*ST皇台,浙江,制造业,小盘股,0.03
306,2018-07-06 09:31:00,002333,罗普斯金,浙江,制造业,小盘股,0.03
307,2018-07-06 09:31:00,002801,微光股份,浙江,制造业,小盘股,0.04
308,2018-07-06 09:31:00,002866,传艺科技,浙江,制造业,小盘股,0.04
309,2018-07-06 09:31:00,002890,弘宇股份,浙江,制造业,小盘股,0.04
310,2018-07-06 09:31:00,300013,新宁物流,浙江,制造业,小盘股,0.06
311,2018-07-06 09:31:00,300283,温州宏丰,浙江,制造业,小盘股,0.03
312,2018-07-06 09:31:00,300499,高澜股份,浙江,制造业,小盘股,0.06
313,2018-07-06 09:31:00,300609,汇纳科技,浙江,制造业,小盘股,0.03
314,2018-07-06 09:31:00,300673,佩蒂股份,浙江,制造业,小盘股,0.03
315,2018-07-06 09:31:00,600081,东风科技,浙江,制造业,小盘股,0.03
316,2018-07-06 09:31:00,600833,第一医药,浙江,制造业,小盘股,0.04
317,2018-07-06 09:31:00,603085,天成自控,浙江,制造业,小盘股,0.05
318,2018-07-06 09:31:00,603730,岱美股份,浙江,制造业,小盘股,0.03
319,2018-07-06 09:32:00,000802,北京文化,高市盈率,新能源汽车,新能源车,0.04
320,2018-07-06 09:32:00,002806,华锋股份,高市盈率,新能源汽车,新能源车,0.03
321,2018-07-06 09:32:00,600099,林海股份,高市盈率,新能源汽车,新能源车,0.04
322,2018-07-06 09:32:00,603677,奇精机械,高市盈率,新能源汽车,新能源车,0.04
323,2018-07-06 09:33:00,000595,宝塔实业,上周强势,近期异动,昨高换手,0.07
324,2018-07-06 09:33:00,601330,绿色动力,上周强势,近期异动,昨高换手,0.04
325,2018-07-06 09:33:00,603970,中农立华,上周强势,近期异动,昨高换手,0.04
326,2018-07-06 09:34:00,002633,申科股份,制造业,风险提示,微信小程序,0.03
327,2018-07-06 09:34:00,300269,联建光电,制造业,风险提示,微信小程序,0.03
328,2018-07-06 09:35:00,000757,浩物股份,业绩预升,久不分红,信息技术业,0.04
329,2018-07-06 09:35:00,002232,启明信息,业绩预升,久不分红,信息技术业,0.06
330,2018-07-06 09:35:00,600734,实达集团,业绩预升,久不分红,信息技术业,0.03
331,2018-07-06 09:36:00,300466,赛摩电气,送转超跌,电气设备,江苏,0.06
332,2018-07-06 09:37:00,002836,新宏泽,高市盈率,户数增加,中证央企,0.04
333,2018-07-06 09:37:00,300444,双杰电气,高市盈率,户数增加,中证央企,0.04
334,2018-07-06 09:37:00,600099,林海股份,高市盈率,户数增加,中证央企,0.04
335,2018-07-06 09:38:00,002641,永高股份,制造业,光伏概念,高市盈率,0.04
336,2018-07-06 09:38:00,600099,林海股份,制造业,光伏概念,高市盈率,0.05
337,2018-07-06 09:39:00,002713,东易日盛,高股息股,证金持股,装配式建筑,0.06
338,2018-07-06 09:40:00,000892,欢瑞世纪,上周强势,信息技术业,预计扭亏,0.03
339,2018-07-06 09:40:00,300100,双林股份,上周强势,信息技术业,预计扭亏,0.03
340,2018-07-06 09:40:00,300312,邦讯技术,上周强势,信息技术业,预计扭亏,0.03
341,2018-07-06 09:40:00,603612,DR索通发,上周强势,信息技术业,预计扭亏,0.05
342,2018-07-06 09:41:00,300312,邦讯技术,亏损股,高质押股,定增股,0.05
343,2018-07-06 09:41:00,600889,南京化纤,亏损股,高质押股,定增股,0.04
344,2018-07-06 09:42:00,600792,云煤能源,制造业,被举牌,举牌,0.05
345,2018-07-06 09:42:00,600889,南京化纤,制造业,被举牌,举牌,0.04
346,2018-07-06 09:44:00,300452,山河药辅,高贝塔值,工业4.0,上海其它,0.03
347,2018-07-06 09:44:00,603895,天永智能,高贝塔值,工业4.0,上海其它,0.04
348,2018-07-06 09:45:00,000802,北京文化,深股通,上周强势,高质押股,0.03
349,2018-07-06 09:45:00,300134,大富科技,深股通,上周强势,高质押股,0.05
350,2018-07-06 09:46:00,300686,智动力,高市盈率,保障房,户数减少,0.05
351,2018-07-06 09:46:00,601992,金隅集团,高市盈率,保障房,户数减少,0.03
352,2018-07-06 09:52:00,002642,荣之联,预计扭亏,基因测序,云计算,0.03
353,2018-07-06 09:53:00,000892,欢瑞世纪,风险提示,预计扭亏,重庆,0.04
354,2018-07-06 09:56:00,002606,大连电瓷,送转超跌,近期异动,辽宁,0.03
355,2018-07-06 10:03:00,603970,中农立华,近期异动,活跃股,次新股,0.04
356,2018-07-06 10:10:00,000014,沙河股份,粤港澳概念,粤港澳,深圳国资改革,0.03
357,2018-07-06 10:11:00,002104,恒宝股份,物联网,雄安新区,小盘股,0.03
358,2018-07-06 10:11:00,300275,梅安森,物联网,雄安新区,小盘股,0.06
359,2018-07-06 10:14:00,002112,三变科技,小盘股,亏损股,高管减持,0.05
360,2018-07-06 10:14:00,002760,凤形股份,小盘股,亏损股,高管减持,0.04
361,2018-07-06 10:18:00,600520,文一科技,集成电路,被举牌,芯片,0.04
362,2018-07-06 10:22:00,300290,荣科科技,高质押股,重组预案,近期异动,0.05
363,2018-07-06 10:31:00,600203,福日电子,通信设备,超导,节能照明,0.03
364,2018-07-06 10:35:00,603520,司太立,重组预案,生物医药,浙江,0.04
365,2018-07-06 10:36:00,002930,宏川智慧,粤港澳,物流,深次新股,0.03
366,2018-07-06 10:40:00,000555,神州信息,量子通信,计算机指,计算机应用,0.04
367,2018-07-06 10:41:00,300540,深冷股份,近期异动,股权激励,昨高换手,0.04
368,2018-07-06 10:50:00,300125,易世达,预计扭亏,连续亏损,辽宁,0.05
369,2018-07-06 10:52:00,300125,易世达,预计扭亏,连续亏损,辽宁,0.04
370,2018-07-06 10:55:00,300125,易世达,预计扭亏,连续亏损,辽宁,0.04
371,2018-07-06 11:12:00,300381,溢多利,送转超跌,近期新低,生物医药,0.07
372,2018-07-06 11:14:00,002800,天顺股份,物流,新疆,小盘股,0.06
373,2018-07-06 11:18:00,600818,中路股份,高市盈率,风能,风电,0.04
374,2018-07-06 11:21:00,300598,诚迈科技,近期异动,计算机应用,芯片概念,0.03
375,2018-07-06 11:24:00,300738,奥飞数据,计算机应用,网络安全,深次新股,0.04
376,2018-07-06 11:25:00,603138,海量数据,高市净率,计算机应用,股权激励,0.03
377,2018-07-06 11:29:00,300656,民德电子,重组预案,芯片概念,电子支付,0.05
378,2018-07-06 11:30:00,300509,新美星,送转潜力,近期异动,电气设备,0.06
379,2018-07-06 11:30:00,603897,长城科技,送转潜力,近期异动,电气设备,0.03
380,2018-07-06 13:01:00,600084,中葡股份,饮料制造,锂电池,连续亏损,0.03
381,2018-07-06 13:04:00,002231,奥维通信,高质押股,预计扭亏,通信设备,0.03
382,2018-07-06 13:05:00,000802,北京文化,高市盈率,近期异动,社会服务业,0.03
383,2018-07-06 13:06:00,300426,唐德影视,送转超跌,浙江,文化传媒,0.04
384,2018-07-06 13:14:00,002606,大连电瓷,业绩预降,近期异动,股权激励,0.04
385,2018-07-06 13:14:00,300686,智动力,业绩预降,近期异动,股权激励,0.03
386,2018-07-06 13:16:00,300473,德尔股份,送转潜力,辽宁,汽车零部件,0.04
387,2018-07-06 13:20:00,002586,围海股份,高质押股,雄安新区,近期新低,0.03
388,2018-07-06 13:21:00,300036,超图软件,近期新高,国证成长,云计算,0.04
389,2018-07-06 13:25:00,002175,东方网络,高质押股,预计扭亏,IP变现,0.04
390,2018-07-06 13:25:00,002231,奥维通信,高质押股,预计扭亏,IP变现,0.04
391,2018-07-06 13:28:00,002231,奥维通信,高质押股,预计扭亏,通信设备,0.03
392,2018-07-06 13:30:00,600736,苏州高新,金改,股份回购,白马股,0.05
393,2018-07-06 13:31:00,000791,甘肃电投,预计扭亏,破净资产,电力、煤气及水的生产和供应业,0.04
394,2018-07-06 13:33:00,000791,甘肃电投,预计扭亏,破净资产,电力、煤气及水的生产和供应业,0.04
395,2018-07-06 13:38:00,300290,荣科科技,高质押股,重组预案,近期异动,0.04
396,2018-07-06 13:40:00,000971,高升控股,重组股,通信设备,湖北,0.04
397,2018-07-06 13:44:00,002755,东方新星,雄安新区,重组预案,股权分散,0.05
398,2018-07-06 13:45:00,300100,双林股份,高管减持,股权转让,独角兽,0.03
399,2018-07-06 13:46:00,300461,田中精机,高市净率,浙江,智能机器,0.04
400,2018-07-06 13:53:00,002500,山西证券,金融、保险业,近期新低,MSCI成份,0.04
401,2018-07-06 13:59:00,002278,神开股份,页岩气,被举牌,昨日振荡,0.03
402,2018-07-06 14:00:00,000633,合金投资,高市净率,股权转让,综合类,0.06
403,2018-07-06 14:01:00,002774,快意电梯,专用设备,高质押股,高贝塔值,0.04
404,2018-07-06 14:01:00,603356,华菱精工,专用设备,高质押股,高贝塔值,0.05
405,2018-07-06 14:03:00,002742,三圣股份,重庆,送转超跌,职业教育,0.04
406,2018-07-06 14:06:00,002300,太阳电缆,超导概念,福建,电气设备,0.04
407,2018-07-06 14:15:00,002006,精功科技,蓝宝石,碳纤维,浙江,0.03
408,2018-07-06 14:22:00,002504,弘高创意,送转超跌,虚拟现实,电子信息,0.03
409,2018-07-06 14:31:00,300175,朗源股份,黄河三角,近期新低,股权转让,0.07
410,2018-07-06 14:35:00,002041,登海种业,黄河三角,证金持股,融资融券标的,0.04
411,2018-07-06 14:36:00,002772,众兴菌业,腾讯济安,种植业与林业,甘肃,0.04
412,2018-07-06 14:59:00,600643,爱建集团,高管增持,长三角,上海自贸区,0.04
413,2018-07-09 09:31:00,002056,横店东磁,制造业,浙江,上周弱势,0.03
414,2018-07-09 09:31:00,002711,欧浦智网,制造业,浙江,上周弱势,0.1
415,2018-07-09 09:31:00,002872,天圣制药,制造业,浙江,上周弱势,0.04
416,2018-07-09 09:31:00,300130,新国都,制造业,浙江,上周弱势,0.09
417,2018-07-09 09:31:00,300317,珈伟股份,制造业,浙江,上周弱势,0.04
418,2018-07-09 09:31:00,300389,艾比森,制造业,浙江,上周弱势,0.03
419,2018-07-09 09:31:00,300445,康斯特,制造业,浙江,上周弱势,0.04
420,2018-07-09 09:31:00,300629,新劲刚,制造业,浙江,上周弱势,0.04
421,2018-07-09 09:31:00,300743,天地数码,制造业,浙江,上周弱势,0.03
422,2018-07-09 09:31:00,600241,时代万恒,制造业,浙江,上周弱势,0.03
423,2018-07-09 09:31:00,600806,退市昆机,制造业,浙江,上周弱势,0.04
424,2018-07-09 09:31:00,601669,中国电建,制造业,浙江,上周弱势,0.04
425,2018-07-09 09:31:00,601882,海天精工,制造业,浙江,上周弱势,0.04
426,2018-07-09 09:31:00,603105,芯能科技,制造业,浙江,上周弱势,0.2
427,2018-07-09 09:31:00,603456,九洲药业,制造业,浙江,上周弱势,0.04
428,2018-07-09 09:31:00,603778,乾景园林,制造业,浙江,上周弱势,0.04
429,2018-07-09 09:31:00,603895,天永智能,制造业,浙江,上周弱势,0.04
430,2018-07-09 09:32:00,600203,福日电子,通信设备,超导,节能照明,0.06
431,2018-07-09 09:33:00,002855,捷荣技术,两年新股,已高送转,广东其它,0.06
432,2018-07-09 09:33:00,300425,环能科技,两年新股,已高送转,广东其它,0.05
433,2018-07-09 09:33:00,300629,新劲刚,两年新股,已高送转,广东其它,0.05
434,2018-07-09 09:33:00,600203,福日电子,两年新股,已高送转,广东其它,0.04
435,2018-07-09 09:34:00,002927,泰永长征,送转潜力,贵州,电气设备,0.04
436,2018-07-09 09:35:00,002356,赫美集团,高送转,微利股,互联网+,0.04
437,2018-07-09 09:36:00,603421,鼎信通讯,陆股通买,通信设备,近期异动,0.05
438,2018-07-09 09:37:00,002346,柘中股份,制造业,高市盈率,预计扭亏,0.08
439,2018-07-09 09:37:00,002575,群兴玩具,制造业,高市盈率,预计扭亏,0.03
440,2018-07-09 09:40:00,002553,南方轴承,高贝塔值,食品安全,业绩预升,0.05
441,2018-07-09 09:40:00,300469,信息发展,高贝塔值,食品安全,业绩预升,0.03
442,2018-07-09 09:42:00,002802,洪汇新材,近期异动,股份回购,江苏,0.07
443,2018-07-09 09:44:00,002866,传艺科技,高送转,重组预案,近期异动,0.03
444,2018-07-09 09:46:00,603486,科沃斯,高市净率,近期异动,次新股,0.04
445,2018-07-09 09:48:00,002356,赫美集团,高送转,微利股,互联网+,0.04
446,2018-07-09 09:49:00,300084,海默科技,页岩气,采掘业,甘肃,0.04
447,2018-07-09 10:00:00,600638,新黄浦,被举牌,期货概念,房地产开发,0.03
448,2018-07-09 10:05:00,603963,大理药业,高贝塔值,近期异动,次新股,0.05
449,2018-07-09 10:07:00,000908,景峰医药,参股金融,小盘股,民营医院,0.05
450,2018-07-09 10:07:00,002629,仁智股份,参股金融,小盘股,民营医院,0.04
451,2018-07-09 10:07:00,002907,华森制药,参股金融,小盘股,民营医院,0.04
452,2018-07-09 10:11:00,002777,久远银海,送转潜力,计算机应用,智慧城市,0.04
453,2018-07-09 10:18:00,300279,和晶科技,阿里巴巴概念,送转超跌,腾讯概念,0.04
454,2018-07-09 10:27:00,600520,文一科技,集成电路,被举牌,芯片,0.03
455,2018-07-09 10:29:00,600520,文一科技,集成电路,被举牌,芯片,0.06
456,2018-07-09 10:45:00,300283,温州宏丰,高质押股,证金持股,电气设备,0.03
457,2018-07-09 10:46:00,300444,双杰电气,锂电池,配股股,近期异动,0.04
458,2018-07-09 10:47:00,002921,联诚精密,通用设备,送转潜力,近期异动,0.03
459,2018-07-09 11:02:00,300731,科创新源,深次新股,深圳,活跃股,0.03
460,2018-07-09 11:07:00,000510,金路集团,被举牌,职业教育,石墨烯,0.05
461,2018-07-09 11:09:00,000791,甘肃电投,预计扭亏,破净资产,电力、煤气及水的生产和供应业,0.04
462,2018-07-09 11:11:00,600532,宏达矿业,采掘业,连续亏损,近期新低,0.11
463,2018-07-09 11:20:00,300117,嘉寓股份,雄安新区,锂电池,装饰园林,0.05
464,2018-07-09 11:29:00,300545,联得装备,深圳,户数增加,已高送转,0.03
465,2018-07-09 13:01:00,000153,丰原药业,金改,皖江区域,生物医药,0.04
466,2018-07-09 13:10:00,300656,民德电子,重组预案,芯片概念,电子支付,0.05
467,2018-07-09 13:12:00,300391,康跃科技,高铁,高端装备,通用设备,0.03
468,2018-07-09 13:22:00,300707,威唐工业,高贝塔值,近期异动,白马股,0.03
469,2018-07-09 13:26:00,300540,深冷股份,近期异动,股权激励,昨高换手,0.03
470,2018-07-09 13:28:00,002238,天威视讯,重组股,通信服务,虚拟现实,0.07
471,2018-07-09 13:31:00,000048,*ST康达,预计扭亏,被举牌,猪肉,0.04
472,2018-07-09 14:23:00,000548,湖南投资,长株潭,社会服务业,湖南,0.04
473,2018-07-09 14:40:00,603886,元祖股份,食品加工制造,两年新股,上海其它,0.03
474,2018-07-10 09:31:00,000566,海南海药,制造业,深股通,重组预案,0.04
475,2018-07-10 09:31:00,002301,齐心集团,制造业,深股通,重组预案,0.06
476,2018-07-10 09:31:00,002547,春兴精工,制造业,深股通,重组预案,0.03
477,2018-07-10 09:31:00,002740,爱迪尔,制造业,深股通,重组预案,0.09
478,2018-07-10 09:31:00,002932,明德生物,制造业,深股通,重组预案,0.2
479,2018-07-10 09:31:00,300221,银禧科技,制造业,深股通,重组预案,0.03
480,2018-07-10 09:31:00,300390,天华超净,制造业,深股通,重组预案,0.05
481,2018-07-10 09:31:00,300648,星云股份,制造业,深股通,重组预案,0.05
482,2018-07-10 09:31:00,600173,卧龙地产,制造业,深股通,重组预案,0.06
483,2018-07-10 09:31:00,603388,元成股份,制造业,深股通,重组预案,0.05
484,2018-07-10 09:31:00,603602,纵横通信,制造业,深股通,重组预案,0.04
485,2018-07-10 09:32:00,300087,荃银高科,雄安新区,安徽,举牌,0.03
486,2018-07-10 09:32:00,300371,汇中股份,雄安新区,安徽,举牌,0.04
487,2018-07-10 09:33:00,300249,依米康,节能环保,节能,脱硫脱硝,0.03
488,2018-07-10 09:34:00,300490,华自科技,锂电池,股权激励,电气设备,0.04
489,2018-07-10 09:35:00,300490,华自科技,军工,锂电池,配股预案,0.03
490,2018-07-10 09:35:00,600459,贵研铂业,军工,锂电池,配股预案,0.04
491,2018-07-10 09:36:00,000791,甘肃电投,预计扭亏,破净资产,电力、煤气及水的生产和供应业,0.04
492,2018-07-10 09:37:00,300249,依米康,节能环保,节能,脱硫脱硝,0.04
493,2018-07-10 09:38:00,000022,深赤湾Ａ,高质押股,高股息股,中证央企,0.03
494,2018-07-10 09:38:00,002435,长江润发,高质押股,高股息股,中证央企,0.03
495,2018-07-10 09:39:00,300389,艾比森,制造业,黄河三角,最近复牌,0.03
496,2018-07-10 09:39:00,600784,鲁银投资,制造业,黄河三角,最近复牌,0.04
497,2018-07-10 09:40:00,603683,晶华新材,近期异动,活跃股,次新股,0.04
498,2018-07-10 09:41:00,002356,赫美集团,高送转,近期异动,昨日涨停,0.05
499,2018-07-10 09:41:00,002866,传艺科技,高送转,近期异动,昨日涨停,0.03
500,2018-07-10 09:41:00,603348,文灿股份,高送转,近期异动,昨日涨停,0.04
501,2018-07-10 09:42:00,603683,晶华新材,近期异动,活跃股,次新股,0.03
502,2018-07-10 09:43:00,002260,*ST德奥,近期新低,近期异动,昨高换手,0.05
503,2018-07-10 09:43:00,002681,奋达科技,近期新低,近期异动,昨高换手,0.04
504,2018-07-10 09:43:00,300715,凯伦股份,近期新低,近期异动,昨高换手,0.04
505,2018-07-10 09:43:00,300742,越博动力,近期新低,近期异动,昨高换手,0.03
506,2018-07-10 09:44:00,002866,传艺科技,高送转,重组预案,近期异动,0.04
507,2018-07-10 09:47:00,603602,纵横通信,通信设备,近期异动,浙江,0.03
508,2018-07-10 09:48:00,600133,东湖高新,重组预案,脱硫脱硝,业绩预降,0.03
509,2018-07-10 09:50:00,000777,中核科技,页岩气,金改,通用设备,0.04
510,2018-07-10 09:54:00,600139,西部资源,高贝塔值,文化传媒,体育概念,0.05
511,2018-07-10 09:57:00,002307,北新路桥,证金持股,新三板,一带一路,0.03
512,2018-07-10 09:59:00,601020,华钰矿业,资源优势,西藏,沪股通,0.03
513,2018-07-10 10:02:00,002824,和胜股份,两年新股,高贝塔值,通用设备,0.04
514,2018-07-10 10:02:00,002877,智能自控,两年新股,高贝塔值,通用设备,0.04
515,2018-07-10 10:04:00,002888,惠威科技,高贝塔值,昨日涨停,信息技术业,0.03
516,2018-07-10 10:04:00,300076,GQY视讯,高贝塔值,昨日涨停,信息技术业,0.03
517,2018-07-10 10:06:00,300665,飞鹿股份,高铁,高送转,铁路基建,0.03
518,2018-07-10 10:08:00,300665,飞鹿股份,高铁,高送转,铁路基建,0.05
519,2018-07-10 10:10:00,300384,三联虹普,高送转,高端装备,预高送转,0.04
520,2018-07-10 10:13:00,300310,宜通世纪,高铁,高端装备,央企改革,0.03
521,2018-07-10 10:13:00,600495,晋西车轴,高铁,高端装备,央企改革,0.03
522,2018-07-10 10:16:00,002655,共达电声,黄河三角,连续亏损,近期新低,0.04
523,2018-07-10 10:18:00,300256,星星科技,虚拟现实,苹果概念,电子制造,0.06
524,2018-07-10 10:19:00,300478,杭州高新,浙江,核电,已高送转,0.05
525,2018-07-10 10:23:00,300093,金刚玻璃,高市盈率,虚拟现实,移动互联网,0.05
526,2018-07-10 10:26:00,300177,中海达,近期新高,无人驾驶,O2O概念,0.03
527,2018-07-10 10:36:00,002356,赫美集团,高送转,微利股,互联网+,0.04
528,2018-07-10 10:40:00,000790,泰合健康,近期异动,融资融券标的,融资融券,0.03
529,2018-07-10 10:45:00,002438,江苏神通,通用设备,节能环保,股权转让,0.04
530,2018-07-10 10:51:00,300677,英科医疗,高贝塔值,近期异动,深次新股,0.04
531,2018-07-10 10:53:00,000677,恒天海龙,黄河三角,高市净率,石墨烯,0.04
532,2018-07-10 11:01:00,300206,理邦仪器,深圳,智能医疗,员工持股,0.06
533,2018-07-10 11:15:00,601330,绿色动力,高市净率,近期异动,节能环保,0.06
534,2018-07-10 11:18:00,601330,绿色动力,高市净率,近期异动,节能环保,0.03
535,2018-07-10 13:01:00,000531,穗恒运Ａ,通达信88,近期新低,融资融券标的,0.03
536,2018-07-10 13:11:00,002872,天圣制药,预高送转,重组预案,重庆,0.03
537,2018-07-10 13:12:00,002758,华通医药,送转超跌,浙江,昨曾涨停,0.06
538,2018-07-10 13:16:00,002750,龙津药业,昨曾涨停,昨日振荡,云南,0.03
539,2018-07-10 13:19:00,002701,奥瑞金,足球概念,国证价值,体育概念,0.03
540,2018-07-10 13:20:00,300411,金盾股份,高送转,高质押股,高端装备,0.03
541,2018-07-10 13:21:00,002701,奥瑞金,足球概念,国证价值,体育概念,0.04
542,2018-07-10 13:33:00,300612,宣亚国际,高市盈率,高市净率,移动互联网,0.03
543,2018-07-10 13:36:00,300612,宣亚国际,高市盈率,高市净率,移动互联网,0.04
544,2018-07-10 13:48:00,300718,长盛轴承,通用设备,特斯拉,深次新股,0.03
545,2018-07-10 13:55:00,603598,引力传媒,重组预案,网络游戏,本月解禁,0.03
546,2018-07-10 14:55:00,603309,维力医疗,重组预案,近期新低,昨日涨停,0.04
547,2018-07-10 14:57:00,300417,南华仪器,节能环保,昨日较强,广东其它,0.06
548,2018-07-11 09:31:00,000670,盈方微,制造业,高市净率,江苏,0.04
549,2018-07-11 09:31:00,002192,融捷股份,制造业,高市净率,江苏,0.06
550,2018-07-11 09:31:00,002510,天汽模,制造业,高市净率,江苏,0.05
551,2018-07-11 09:31:00,300390,天华超净,制造业,高市净率,江苏,0.05
552,2018-07-11 09:31:00,300427,红相股份,制造业,高市净率,江苏,0.06
553,2018-07-11 09:31:00,300572,安车检测,制造业,高市净率,江苏,0.06
554,2018-07-11 09:31:00,300709,精研科技,制造业,高市净率,江苏,0.05
555,2018-07-11 09:31:00,600167,联美控股,制造业,高市净率,江苏,0.03
556,2018-07-11 09:31:00,600250,南纺股份,制造业,高市净率,江苏,0.08
557,2018-07-11 09:31:00,600784,鲁银投资,制造业,高市净率,江苏,0.03
558,2018-07-11 09:31:00,603030,全筑股份,制造业,高市净率,江苏,0.03
559,2018-07-11 09:32:00,300707,威唐工业,两年新股,昨高换手,定增预案,0.05
560,2018-07-11 09:32:00,603305,旭升股份,两年新股,昨高换手,定增预案,0.04
561,2018-07-11 09:32:00,603690,至纯科技,两年新股,昨高换手,定增预案,0.03
562,2018-07-11 09:32:00,603843,正平股份,两年新股,昨高换手,定增预案,0.03
563,2018-07-11 09:33:00,000153,丰原药业,制造业,次新股,昨日涨停,0.03
564,2018-07-11 09:33:00,002302,西部建设,制造业,次新股,昨日涨停,0.03
565,2018-07-11 09:33:00,300656,民德电子,制造业,次新股,昨日涨停,0.04
566,2018-07-11 09:33:00,603650,彤程新材,制造业,次新股,昨日涨停,0.04
567,2018-07-11 09:33:00,603963,大理药业,制造业,次新股,昨日涨停,0.03
568,2018-07-11 09:35:00,300677,英科医疗,高贝塔值,近期异动,深次新股,0.04
569,2018-07-11 09:38:00,000035,中国天楹,高质押股,重组预案,近期新低,0.03
570,2018-07-11 09:39:00,002150,通润装备,江苏,通用设备,近期异动,0.04
571,2018-07-11 09:39:00,300742,越博动力,江苏,通用设备,近期异动,0.03
572,2018-07-11 09:40:00,300478,杭州高新,浙江,次新股,次新开板,0.03
573,2018-07-11 09:40:00,603650,彤程新材,浙江,次新股,次新开板,0.03
574,2018-07-11 09:41:00,000670,盈方微,高市净率,智能穿戴,久不分红,0.03
575,2018-07-11 09:41:00,002823,凯中精密,高市净率,智能穿戴,久不分红,0.03
576,2018-07-11 09:43:00,300686,智动力,高市盈率,近期新高,个人持股,0.03
577,2018-07-11 09:45:00,300715,凯伦股份,近期异动,聚氨酯,深次新股,0.04
578,2018-07-11 09:46:00,000586,汇源通信,高市净率,通信设备,被举牌,0.03
579,2018-07-11 09:47:00,002743,富煌钢构,高市盈率,高市净率,PPP模式,0.05
580,2018-07-11 09:47:00,603045,福达合金,高市盈率,高市净率,PPP模式,0.03
581,2018-07-11 09:53:00,002806,华锋股份,高贝塔值,昨日连板,上海其它,0.04
582,2018-07-11 09:53:00,603895,天永智能,高贝塔值,昨日连板,上海其它,0.03
583,2018-07-11 09:56:00,002350,北京科锐,雄安新区,配股股,送转超跌,0.06
584,2018-07-11 09:57:00,002711,欧浦智网,高质押股,参股新三板,业绩预升,0.04
585,2018-07-11 10:03:00,300344,太空智造,高质押股,预计扭亏,雄安新区,0.03
586,2018-07-11 10:04:00,300278,华昌达,高质押股,重组预案,创业300,0.03
587,2018-07-11 10:04:00,603520,司太立,高质押股,重组预案,创业300,0.04
588,2018-07-11 10:07:00,601990,南京证券,近期异动,证券,江苏,0.05
589,2018-07-11 10:15:00,000892,欢瑞世纪,风险提示,预计扭亏,重庆,0.05
590,2018-07-11 10:19:00,603876,鼎胜新材,锂电池,江苏,次新股,0.04
591,2018-07-11 10:21:00,002076,雪 莱 特,锂电池,新能源汽车,低碳经济,0.04
592,2018-07-11 10:30:00,300746,汉嘉设计,高市净率,近期异动,浙江,0.03
593,2018-07-11 10:32:00,300746,汉嘉设计,高市净率,近期异动,浙江,0.04
594,2018-07-11 10:36:00,600405,动力源,锂电池,节能,能源互联,0.04
595,2018-07-11 10:37:00,601010,文峰股份,零售,近期新低,江苏,0.04
596,2018-07-11 10:53:00,603289,泰瑞机器,高贝塔值,浙江,次新股,0.04
597,2018-07-11 11:10:00,300132,青松股份,被举牌,股权转让,福建,0.03
598,2018-07-11 11:21:00,002136,安 纳 达,锂电池,钛金属,钛白粉,0.04
599,2018-07-11 13:01:00,300375,鹏翎股份,高铁,重组预案,近期新低,0.04
600,2018-07-11 13:08:00,000897,津滨发展,雄安新区,近期新低,不活跃股,0.05
601,2018-07-11 13:17:00,002806,华锋股份,高市盈率,高市净率,久不分红,0.03
602,2018-07-11 13:17:00,600847,万里股份,高市盈率,高市净率,久不分红,0.04
603,2018-07-11 13:32:00,000890,法 尔 胜,通用设备,近期新低,超导概念,0.05
604,2018-07-11 13:47:00,300686,智动力,高市盈率,近期新高,个人持股,0.06
605,2018-07-11 13:48:00,002734,利民股份,雄安新区,江苏,本月解禁,0.03
606,2018-07-11 13:53:00,000608,阳光股份,采掘业,连续亏损,上周弱势,0.05
607,2018-07-11 13:53:00,600532,宏达矿业,采掘业,连续亏损,上周弱势,0.04
608,2018-07-11 13:55:00,300411,金盾股份,高送转,高质押股,高端装备,0.03
609,2018-07-11 14:20:00,002776,柏堡龙,高质押股,预高送转,虚拟现实,0.04
610,2018-07-11 14:25:00,300705,九典制药,高贝塔值,近期异动,湖南,0.06
611,2018-07-11 14:26:00,002864,盘龙药业,陕西,送转潜力,近期异动,0.04
612,2018-07-11 14:27:00,002864,盘龙药业,陕西,送转潜力,近期异动,0.03
613,2018-07-11 14:33:00,600769,祥龙电业,高市盈率,高市净率,综合,0.05
614,2018-07-11 14:34:00,002671,龙泉股份,黄河三角,预计扭亏,破净资产,0.04
615,2018-07-11 14:35:00,300139,晓程科技,黄金,集成电路,近期异动,0.04
616,2018-07-11 14:38:00,000419,通程控股,零售,长株潭,金融改革,0.06
617,2018-07-11 14:46:00,002301,齐心集团,重组预案,近期新低,股份回购,0.03
618,2018-07-11 14:51:00,002291,星期六,高质押股,虚拟现实,网络游戏,0.04
619,2018-07-11 14:53:00,000863,三湘印象,高质押股,马云概念,租购同权,0.04
620,2018-07-11 14:58:00,600432,退市吉恩,锂电池,稀缺资源,新材料概念,0.04
621,2018-07-11 14:59:00,600243,青海华鼎,青海,通用设备,股权转让,0.04
